Periodo,year,month,Mes,IT_,PO_,RM_,h000,i100,Entidad,orden
01/01/2010,2010,1,enero,-.0136968251189571,.0116567615167225,-.0091304094522949,89.12928872000001,83.00396336999999,Nacional,1
01/02/2010,2010,2,febrero,.0045496741719368,.0171706164779884,-.0236273340657205,89.6111684,83.00332808,Nacional,1
01/03/2010,2010,3,marzo,.0485338947594546,.0174649421998632,-.000236082116375,89.97998963000001,82.86510689000001,Nacional,1
01/04/2010,2010,4,abril,.0704820587080979,.0236307570398598,-.02615369906287,90.33150111,83.25383334,Nacional,1
01/05/2010,2010,5,mayo,.086822398403725,.029484871495486,.0202657061394629,90.82555575000001,83.38832721999999,Nacional,1
01/06/2010,2010,6,junio,.0552756196443669,.0324251378575415,-.0149922654789041,91.10742389000001,84.79671131000001,Nacional,1
01/07/2010,2010,7,julio,.0440462046735329,.0339616959244572,-.0177735339679864,91.52308497,84.69117407,Nacional,1
01/08/2010,2010,8,agosto,.0794868984152988,.0334202419465891,-.0003763820947164,91.11252128,85.37859969,Nacional,1
01/09/2010,2010,9,septiembre,.0685540935148638,.0371044289420938,.0139986357304235,91.35726905,85.33264876,Nacional,1
01/10/2010,2010,10,octubre,.0504432807426937,.0379549360121233,-.0207905501665799,91.77393623,85.07626701,Nacional,1
01/11/2010,2010,11,noviembre,.0780667635849916,.0409280817146507,-.0107703925451378,92.05146141,85.23370428,Nacional,1
01/12/2010,2010,12,diciembre,.0503367747085321,.0446373415063734,.0015301304844915,92.50733405,85.79079991,Nacional,1
01/01/2011,2011,1,enero,.0478143165883162,.03246771398713,-.0160185108848759,92.27304101,85.78956012,Nacional,1
01/02/2011,2011,2,febrero,.0291884641590299,.0347203446436501,-.0044464398108805,92.25014892,87.09560714,Nacional,1
01/03/2011,2011,3,marzo,.0232765725773943,.0340606038624065,-.0013192281172213,92.58041083000001,86.96423647,Nacional,1
01/04/2011,2011,4,abril,-.0408871222716809,.035497381794064,-.0159738632948172,93.11345892,87.58326264,Nacional,1
01/05/2011,2011,5,mayo,.0034482928329643,.0367011150235079,.0164643391090092,92.63760868999999,90.2629029,Nacional,1
01/06/2011,2011,6,junio,.0070318617297042,.0412303364440742,.0379152908261563,93.22985322,92.16660455,Nacional,1
01/07/2011,2011,7,julio,-.0299983213466413,.0375672074123609,.0076562528200149,93.14317985,92.09952181,Nacional,1
01/08/2011,2011,8,agosto,.0459211952313392,.0409487139081327,.0320346477134977,93.70013233,92.4865739,Nacional,1
01/09/2011,2011,9,septiembre,.0683639553611706,.0473932126148303,.076571675405263,94.4904365,92.99236685,Nacional,1
01/10/2011,2011,10,octubre,.0367867695981534,.0587903085666546,.0353084450723039,94.61650473,96.3106604,Nacional,1
01/11/2011,2011,11,noviembre,.0629471756773082,.0578835272615622,.0518734010344226,94.61755170000001,96.55101264,Nacional,1
01/12/2011,2011,12,diciembre,.0920200322183196,.0557678230549354,.0215946639295696,94.63415390999999,97.03700358,Nacional,1
01/01/2012,2012,1,enero,.1109706083118426,.0564052561125007,.0318342236143889,94.31230062,96.65749484,Nacional,1
01/02/2012,2012,2,febrero,.105969225432023,.0526878611784514,.06890481303602,94.76016015,96.70172087,Nacional,1
01/03/2012,2012,3,marzo,.0618207389385882,.0507453369851681,.0592922566227393,94.89624059000001,96.62834512000001,Nacional,1
01/04/2012,2012,4,abril,.0649639697265656,.047219997457671,.0729046691598883,95.15639158,96.50326566,Nacional,1
01/05/2012,2012,5,mayo,.1096243602203319,.0495411117578933,.0211986317735624,95.52809159,98.20409474,Nacional,1
01/06/2012,2012,6,junio,.0905551541703841,.0434807993672694,.0229471415479629,96.11382371000001,97.94170258,Nacional,1
01/07/2012,2012,7,julio,.1066074286967535,.0448526780761787,.013441575525151,95.80425787999999,98.68277112,Nacional,1
01/08/2012,2012,8,agosto,.0495083387777948,.0402223321529058,.0340483892443032,95.87241112,98.39839127,Nacional,1
01/09/2012,2012,9,septiembre,.0065136357240808,.0329418983461615,-.0308460200095665,95.72136408999999,98.32752203,Nacional,1
01/10/2012,2012,10,octubre,.0561623823604405,.0185401755131343,.0354289228835888,95.22186415,99.17665397,Nacional,1
01/11/2012,2012,11,noviembre,-.0039584821435644,.0190444274090719,.0485105899903417,95.27856738,99.81305976,Nacional,1
01/12/2012,2012,12,diciembre,-.0455579304802759,.0177954714691847,.0524932053727051,95.43743892000001,99.40385415,Nacional,1
01/01/2013,2013,1,enero,-.0120160587594457,.0398682431326132,.0594566619806437,98.40441968,99.13121698,Nacional,1
01/02/2013,2013,2,febrero,-.0329467299524262,.0416058032967171,.0109404671400978,98.80657574999999,99.32317421,Nacional,1
01/03/2013,2013,3,marzo,-.0448881412658341,.0400471403628432,-.022720723686753,99.11146687999999,98.41981668,Nacional,1
01/04/2013,2013,4,abril,.062819546587071,.0455785454173674,.0189964163775172,99.7539317,99.13972373,Nacional,1
01/05/2013,2013,5,mayo,-.0237687944622686,.0425630628650446,-.0495112333166118,100.68309732,99.43913753,Nacional,1
01/06/2013,2013,6,junio,-.0591521186692076,.0416365533698253,.0062735772561701,100.40969488,100.47337228,Nacional,1
01/07/2013,2013,7,julio,-.003442555455317,.0402738382251658,.0218755170856817,100.62651199,100.18862388,Nacional,1
01/08/2013,2013,8,agosto,-.0354014275541583,.0384073894827198,.0232869527878101,100.2673003,99.91489117,Nacional,1
01/09/2013,2013,9,septiembre,-.0400316051565522,.0407605064777605,.0219093229474159,100.6998276,100.19668097,Nacional,1
01/10/2013,2013,10,octubre,.0037336281015597,.043961370628092,.0090321471932415,100.6174778,100.75770723,Nacional,1
01/11/2013,2013,11,noviembre,.0127163673368568,.0438961585622438,.0015698607510718,100.40711211,101.51843188,Nacional,1
01/12/2013,2013,12,diciembre,.046659225052653,.0424729004403119,-.0297988819967817,100.21258397,101.49722346,Nacional,1
01/01/2014,2014,1,enero,.0176949177800255,.0200613935621413,-.0220796619469357,103.86754216,98.53556938,Nacional,1
01/02/2014,2014,2,febrero,.0303400984920974,.0204529699172678,-.0047627899651179,104.36025957,98.7383186,Nacional,1
01/03/2014,2014,3,marzo,.047853738261583,.0228159120172162,-.0042966326029868,104.53120448,98.9070998,Nacional,1
01/04/2014,2014,4,abril,.0085711453902881,.0239717708518587,-.0080637005707677,104.92212187,100.28515604,Nacional,1
01/05/2014,2014,5,mayo,.0277785428330258,.022463680751373,.0149063568202711,105.68210114,100.31460759,Nacional,1
01/06/2014,2014,6,junio,.0384950175532989,.0166633828500947,-.0087119651760342,105.37508655,100.24600511,Nacional,1
01/07/2014,2014,7,julio,.0454499373728796,.0172897875728954,.0065675849752826,105.83430955,99.72844614,Nacional,1
01/08/2014,2014,8,agosto,.028966926035021,.0213440822248314,-.0257845150747854,105.86192546,99.89092445999999,Nacional,1
01/09/2014,2014,9,septiembre,.0636402926386194,.0186288956833225,-.0175793122418706,105.81469617,99.93025287,Nacional,1
01/10/2014,2014,10,octubre,.0267547119077259,.0240577283600509,-.0085557763297782,106.39317718,100.96914727,Nacional,1
01/11/2014,2014,11,noviembre,.0239432270043854,.0227984466541534,-.0320388136632187,106.6373083,101.01572181,Nacional,1
01/12/2014,2014,12,diciembre,.0533992455057881,.0240719588925685,-.037300189199381,106.50244519,101.52363534,Nacional,1
01/01/2015,2015,1,enero,.018869353711544,.0244447387039892,.0093072223572883,106.67137355,100.53352858,Nacional,1
01/02/2015,2015,2,febrero,.0183053921529311,.0254327878831148,.000761135638761,107.08308633,101.05027486,Nacional,1
01/03/2015,2015,3,marzo,.038258236661377,.0241804905858526,.0081576261117013,107.14558291,101.05060544,Nacional,1
01/04/2015,2015,4,abril,.0174634525390378,.0206349930153322,-.0023162998867164,108.02498263,101.11613252,Nacional,1
01/05/2015,2015,5,mayo,.0099297762253543,.0200800475053872,.0290738090477348,108.75301637,101.16847746,Nacional,1
01/06/2015,2015,6,junio,.0631115107559938,.025697366447716,.0109364350169488,109.39652514,101.21132766,Nacional,1
01/07/2015,2015,7,julio,.0420078866020161,.0178037154540286,.0208973964345229,108.21042833,101.55231377,Nacional,1
01/08/2015,2015,8,agosto,.0166634795662524,.0098601702440289,.0149726305578992,108.16231601,100.56709559,Nacional,1
01/09/2015,2015,9,septiembre,.0131255149522744,.014300055553471,.0249235598825068,108.72111806,100.61570164,Nacional,1
01/10/2015,2015,10,octubre,-.0000708329726562,.0102261208471906,.0294428036126032,108.76819296,101.14408345,Nacional,1
01/11/2015,2015,11,noviembre,-.0010175360117062,.0107927279255431,.0347686062714074,108.92545765,101.35250656,Nacional,1
01/12/2015,2015,12,diciembre,-.02561146998391,.0105875758696362,.025297817080241,108.44265173,102.06927432,Nacional,1
01/01/2016,2016,1,enero,-.0226348535916641,.0121936642306486,.0286634567349022,106.13252914,108.71911003,Nacional,1
01/02/2016,2016,2,febrero,.0046755826959228,.0102087267436703,.0414558510902688,106.26905188,109.31891087,Nacional,1
01/03/2016,2016,3,marzo,-.0261919397083866,.0149090065657505,.069929145674046,106.34931122,110.61644281,Nacional,1
01/04/2016,2016,4,abril,.0311773411886659,.0162449796568022,.0446719239573635,107.07852891,111.04477854,Nacional,1
01/05/2016,2016,5,mayo,.0214428645796069,.0174821585798662,.0519295430940816,108.19593491,111.24040167,Nacional,1
01/06/2016,2016,6,junio,.0016809372564994,.0189595983410925,.0646331454401946,108.62204369,111.65104126,Nacional,1
01/07/2016,2016,7,julio,-.0460388703882388,.0259179672132975,.0512710076222746,108.96502834,111.27155937,Nacional,1
01/08/2016,2016,8,agosto,.036233470591373,.0384236945058423,.0550823387414559,109.44403154,111.70913233,Nacional,1
01/09/2016,2016,9,septiembre,.0247276540645462,.036057363447298,.0543392473979371,109.87078854,110.86894616,Nacional,1
01/10/2016,2016,10,octubre,-.0187899264457807,.0366873300872198,.0163715858981521,110.49622279,111.89143165,Nacional,1
01/11/2016,2016,11,noviembre,.0252821811386887,.0406041417356211,.0217737132350554,110.90232043,112.69885984,Nacional,1
01/12/2016,2016,12,diciembre,.0380672299945146,.037116339489254,.0656700082711672,110.83994307,111.93351973,Nacional,1
01/01/2017,2017,1,enero,.0457501415209824,.0411168784168157,.0135788940857693,111.86328054,111.76753946,Nacional,1
01/02/2017,2017,2,febrero,.0102849758696389,.0277684395041085,.0091754389935695,111.49143326,109.75135343,Nacional,1
01/03/2017,2017,3,marzo,.0612716399087489,.0239950888866082,.0053371613160686,111.53545476,109.63187721,Nacional,1
01/04/2017,2017,4,abril,-.037084019841391,.0191421363742804,.0227019811331873,112.04424018,109.64539866,Nacional,1
01/05/2017,2017,5,mayo,.0181500941512387,.0210515247778852,.0012268652123991,113.23080279,110.27283534,Nacional,1
01/06/2017,2017,6,junio,.0109584732283168,.0216822549786181,.0096156760566371,113.97277486,111.74094809,Nacional,1
01/07/2017,2017,7,julio,.0079961491896866,.0430374744804021,-.0169002406578655,113.01778051,124.94745224,Nacional,1
01/08/2017,2017,8,agosto,.0249012316580874,.0392601637361708,-.0091136442674284,113.26959579,125.25834695,Nacional,1
01/09/2017,2017,9,septiembre,-.0067033234882314,.037381524126517,-.0172587020613475,113.06479648,125.43529706,Nacional,1
01/10/2017,2017,10,octubre,.0285737926973384,.0356786951773823,-.0040335467526839,113.37562476,125.38333002,Nacional,1
01/11/2017,2017,11,noviembre,.0242956660213208,.0326169684451709,.0498246000740976,116.28255259,124.80212143,Nacional,1
01/12/2017,2017,12,diciembre,-.0084785846933142,.0344496521061179,.0011653159655603,116.36868065,124.36929857,Nacional,1
01/01/2018,2018,1,enero,.0178943656476564,.0319964898328874,-.0025805255439591,116.68954119,123.88068553,Nacional,1
01/02/2018,2018,2,febrero,.0135153513319753,.0468026910172377,-.0143026396553063,117.50855687,123.63942379,Nacional,1
01/03/2018,2018,3,marzo,-.0043043976808576,.0478333895890341,-.0036658913941641,117.22073271,124.45689922,Nacional,1
01/04/2018,2018,4,abril,.0764242505482391,.0521215062135778,-.0076555211591384,118.14996661,124.88950447,Nacional,1
01/05/2018,2018,5,mayo,.0561739591201406,.0566988049991366,.0198061510363541,119.02308462,127.8356783,Nacional,1
01/06/2018,2018,6,junio,.0299595620835725,.050837109370627,-.0088442533302184,118.64640914,128.20626049,Nacional,1
01/07/2018,2018,7,julio,.0400023315967239,.0352652627917499,.0060285108971471,119.42133256,128.63717121,Nacional,1
01/08/2018,2018,8,agosto,.0152157783215681,.0337889619687763,.0356477789919441,119.57440166,128.69051321,Nacional,1
01/09/2018,2018,9,septiembre,.0132629416163474,.028952856358753,.0104918588968094,118.84884798,128.52965446,Nacional,1
01/10/2018,2018,10,octubre,.0612017398783751,.0334310366561238,.0135447354818004,119.99691755,128.86615645,Nacional,1
01/11/2018,2018,11,noviembre,.0192644420719043,.0319957261047938,.0889114628143625,120.04456835,128.97850345,Nacional,1
01/12/2018,2018,12,diciembre,-.0267226544882099,.0337351567313741,-.003225662605902,119.99494662,129.21897378,Nacional,1
01/01/2019,2019,1,enero,.0075503583737643,.0322234661824278,.0159508871487961,119.97503094,129.07045103,Nacional,1
01/02/2019,2019,2,febrero,-.007414301893081,.0287562452114302,.0107829059036569,120.10675802,128.99248331,Nacional,1
01/03/2019,2019,3,marzo,-.0124543461926581,.0306181392119782,-.0389622023337351,120.44213439,129.54295979,Nacional,1
01/04/2019,2019,4,abril,-.033525869091881,.0277181006386177,-.0327125092952255,120.78109518,129.45011938,Nacional,1
01/05/2019,2019,5,mayo,-.0381370169742946,.0223281617044687,-.0122350116916195,121.19696084,130.51609919,Nacional,1
01/06/2019,2019,6,junio,-.0475844049049573,.0281210424298582,-.0484479167574653,121.85483498,131.39284278,Nacional,1
01/07/2019,2019,7,julio,-.0071494159350603,.0234019274443859,-.0359879873038907,121.78898949,131.75725251,Nacional,1
01/08/2019,2019,8,agosto,-.0323187712872474,.0188543322921459,-.0162763952726741,121.55230811,131.01550401,Nacional,1
01/09/2019,2019,9,septiembre,-.023856996340411,.0202911020804978,-.0290584488574995,121.09968391,130.81803524,Nacional,1
01/10/2019,2019,10,octubre,-.0529973559979387,.0168238584105435,.0095634405140428,121.84175007,130.72279111,Nacional,1
01/11/2019,2019,11,noviembre,-.0466892821800508,.0152990932066398,-.0521576662540731,121.88257471,130.51734702,Nacional,1
01/12/2019,2019,12,diciembre,.0039026311472902,.0131526494238962,-.0290143217013134,121.50700359,130.25531572,Nacional,1
01/01/2020,2020,1,enero,-.0252904447408296,.0137021738682615,-.0252235404565124,121.99643137,129.71813147,Nacional,1
01/02/2020,2020,2,febrero,-.0151548195937884,.0114973967362634,-.0349791254658953,121.87760327,129.48920261,Nacional,1
01/03/2020,2020,3,marzo,-.0178501076721377,.006536506974139,-.0141893195386748,121.69013565,129.36890427,Nacional,1
01/04/2020,2020,4,abril,-.2080823336438859,-.0123908964399591,.0291818072850716,120.23632799,127.90082639,Nacional,1
01/05/2020,2020,5,mayo,-.2583712151719379,-.0224960332604367,-.0562504121300753,120.67156071,126.68744669,Nacional,1
01/06/2020,2020,6,junio,-.1316311935370756,-.0278789245135095,-.0125328310613835,120.72603881,126.08760409,Nacional,1
01/07/2020,2020,7,julio,-.1086707398175708,-.0274963579241222,-.004662717379909,120.55310165,126.75687398,Nacional,1
01/08/2020,2020,8,agosto,-.1188885830459089,-.0246563126020912,-.0443139811698663,120.97418721,125.96738912,Nacional,1
01/09/2020,2020,9,septiembre,-.0553799600910883,-.0226722916996556,.0046907499556269,121.17071494,125.20522786,Nacional,1
01/10/2020,2020,10,octubre,-.0626969954397004,-.0217068857179515,-.0252070304968406,121.92868983,125.25860977,Nacional,1
01/11/2020,2020,11,noviembre,-.0462088271215069,-.0251805552007649,.0076685108355782,121.3312576,124.69434847,Nacional,1
01/12/2020,2020,12,diciembre,-.0003422458936775,-.0240880046614021,.034306147734082,122.02697911,124.06064854,Nacional,1
01/01/2021,2021,1,enero,-.042295095767798,-.0232001702664347,.013833861433901,123.84072122,122.59245175,Nacional,1
01/02/2021,2021,2,febrero,-.000460195976758,-.0204061260627454,.0285134814056447,124.43465171,122.45039713,Nacional,1
01/03/2021,2021,3,marzo,.0627566900992181,-.0108150138301902,.0296725398673665,126.13495394,122.72154226,Nacional,1
01/04/2021,2021,4,abril,.2755048580410787,.0038812229955191,.0239124510703653,126.37422642,122.35470884,Nacional,1
01/05/2021,2021,5,mayo,.3406504730329161,.0139253936198854,.0639334575435046,127.3117101,123.03993259,Nacional,1
01/06/2021,2021,6,junio,.213368164777763,.019598782015338,.0901689714066084,129.40958257,122.53216369,Nacional,1
01/07/2021,2021,7,julio,.1532564121959135,.0195267632798165,.0377211498276875,167.50429349,71.43854679,Nacional,1
01/08/2021,2021,8,agosto,.1603170809692275,.0267394490591921,.0273228025398684,186.14272992,54.89858299,Nacional,1
01/09/2021,2021,9,septiembre,.124473703879778,.0256666771134276,.0067936073278692,193.87825209,47.34061767,Nacional,1
01/10/2021,2021,10,octubre,.0982438720112951,.02594863328914,-.0005161848534155,196.53083925,45.7620262,Nacional,1
01/11/2021,2021,11,noviembre,.1351217888937725,.0317720321574054,-.0251923542374695,202.21230443,42.47969344,Nacional,1
01/12/2021,2021,12,diciembre,.0818126298863057,.0254682537492802,-.0263543390440399,203.15016907,40.53208275,Nacional,1
01/01/2022,2022,1,enero,.0835980998199266,.0241652038502932,-.0198947463915023,206.00451677,37.68233299,Nacional,1
01/02/2022,2022,2,febrero,.0687993463273893,.0242621462022672,-.0038640783474917,206.70033044,37.43957871,Nacional,1
01/03/2022,2022,3,marzo,.0821512420658806,.0199552571245243,.0078381556421369,207.82817432,37.35478395,Nacional,1
01/04/2022,2022,4,abril,.052294303365136,.0220462955264122,-.0125672469823273,210.03340658,36.3019994,Nacional,1
01/05/2022,2022,5,mayo,.0772321026763472,.0159522250070486,-.0159996567598874,209.97143797,36.15143701,Nacional,1
01/06/2022,2022,6,junio,.0453656333065329,.0135159692763923,-.0627097407514082,210.86770058,36.18332904,Nacional,1
01/07/2022,2022,7,julio,.0144818916518581,.0142397215718819,-.0390241558641367,211.32014213,36.32411296,Nacional,1
01/08/2022,2022,8,agosto,.0391674935698705,.0098288288495788,-.0282580405981948,211.97458983,36.26249472,Nacional,1
01/09/2022,2022,9,septiembre,.020222136872846,.0117644203202485,-.0166569339089467,211.99906342,36.11033736,Nacional,1
01/10/2022,2022,10,octubre,.0104703037526451,.0089802482163972,-.0146403500939371,212.69151528,35.99236247,Nacional,1
01/11/2022,2022,11,noviembre,-.0007179654852368,.0090667466888658,-.0027569006918871,214.93268086,34.42614766,Nacional,1
01/12/2022,2022,12,diciembre,-.0041964797481864,.0155558107269937,.0077727786737517,215.28408837,34.20677401,Nacional,1
01/01/2010,2010,1,enero,.0071135259673624,.0109996997935834,-.0174054985979918,89.12928872000001,83.00396336999999,Jalisco,2
01/02/2010,2010,2,febrero,-.0094888980515759,.0097955596755773,-.0178364789722941,89.6111684,83.00332808,Jalisco,2
01/03/2010,2010,3,marzo,.0351265827888486,.0150382824241219,.0006198819442294,89.97998963000001,82.86510689000001,Jalisco,2
01/04/2010,2010,4,abril,.0812593153407287,.0159616624188869,.0013489892500952,90.33150111,83.25383334,Jalisco,2
01/05/2010,2010,5,mayo,.0720472971917913,.0295601564278039,.0241154793876061,90.82555575000001,83.38832721999999,Jalisco,2
01/06/2010,2010,6,junio,.0553009154173369,.0354867712928605,.0448085302337578,91.10742389000001,84.79671131000001,Jalisco,2
01/07/2010,2010,7,julio,.0563963852133591,.0342172438334163,.0364720782850155,91.52308497,84.69117407,Jalisco,2
01/08/2010,2010,8,agosto,.0824677445905929,.0438169378930449,.0692611148844728,91.11252128,85.37859969,Jalisco,2
01/09/2010,2010,9,septiembre,.0783254353945653,.0419189825478935,.0477749657616728,91.35726905,85.33264876,Jalisco,2
01/10/2010,2010,10,octubre,.0509818795363968,.0434749731359343,.0003538335443355,91.77393623,85.07626701,Jalisco,2
01/11/2010,2010,11,noviembre,.0909699398605636,.046221111535964,.0266537842951185,92.05146141,85.23370428,Jalisco,2
01/12/2010,2010,12,diciembre,.0973263659599949,.0430281729369795,.0213884436629884,92.50733405,85.79079991,Jalisco,2
01/01/2011,2011,1,enero,.0364030130874838,.035857096039486,-.0238967804357567,92.27304101,85.78956012,Jalisco,2
01/02/2011,2011,2,febrero,.0521070884654435,.0353909113816154,.0061987176109174,92.25014892,87.09560714,Jalisco,2
01/03/2011,2011,3,marzo,.0512508239384069,.0510375054519712,-.0341863348847302,92.58041083000001,86.96423647,Jalisco,2
01/04/2011,2011,4,abril,-.0250301732474712,.0507084034353722,-.0125589500580846,93.11345892,87.58326264,Jalisco,2
01/05/2011,2011,5,mayo,.0330987640723499,.0335035021199751,.1334846948775787,92.63760868999999,90.2629029,Jalisco,2
01/06/2011,2011,6,junio,-.0012641302218769,.0355179131494754,.0909432743391865,93.22985322,92.16660455,Jalisco,2
01/07/2011,2011,7,julio,-.0414600422582795,.0309551055796619,.0416480987693408,93.14317985,92.09952181,Jalisco,2
01/08/2011,2011,8,agosto,.0828107386289193,.0512922569280767,.0092538655959097,93.70013233,92.4865739,Jalisco,2
01/09/2011,2011,9,septiembre,.0814653746998236,.0483375759457031,.0288528219529678,94.4904365,92.99236685,Jalisco,2
01/10/2011,2011,10,octubre,.0616331351059971,.0420912829797012,.0673180278055883,94.61650473,96.3106604,Jalisco,2
01/11/2011,2011,11,noviembre,.086123278046772,.0446790139338832,.0586201938206691,94.61755170000001,96.55101264,Jalisco,2
01/12/2011,2011,12,diciembre,.0634600187592193,.0481616604443549,-.0082215517064315,94.63415390999999,97.03700358,Jalisco,2
01/01/2012,2012,1,enero,.1088274965311381,.0556097321022884,.0403469587755697,94.31230062,96.65749484,Jalisco,2
01/02/2012,2012,2,febrero,.102290498343013,.0443891325141071,.0824338095696828,94.76016015,96.70172087,Jalisco,2
01/03/2012,2012,3,marzo,.0375789607000187,.0274834211042335,.0971992103003514,94.89624059000001,96.62834512000001,Jalisco,2
01/04/2012,2012,4,abril,.0452531104626385,.0429981328574072,.0477082793436227,95.15639158,96.50326566,Jalisco,2
01/05/2012,2012,5,mayo,.093335472744982,.0487235540582762,-.0448709183027023,95.52809159,98.20409474,Jalisco,2
01/06/2012,2012,6,junio,.1002245064048647,.0421314105299464,.0067220685611206,96.11382371000001,97.94170258,Jalisco,2
01/07/2012,2012,7,julio,.1167077258029935,.0443100972602796,-.005454976909527,95.80425787999999,98.68277112,Jalisco,2
01/08/2012,2012,8,agosto,.054905982757759,.0252761357400069,.0328714306485,95.87241112,98.39839127,Jalisco,2
01/09/2012,2012,9,septiembre,.0131952284407946,.0280963637201629,-.0011161270454044,95.72136408999999,98.32752203,Jalisco,2
01/10/2012,2012,10,octubre,.0538737103930669,.0293293869658324,.0064098512072556,95.22186415,99.17665397,Jalisco,2
01/11/2012,2012,11,noviembre,.018361755201119,.0230997843795685,.0228994548024824,95.27856738,99.81305976,Jalisco,2
01/12/2012,2012,12,diciembre,-.0649185136628706,.0272538486980743,.0268202067655839,95.43743892000001,99.40385415,Jalisco,2
01/01/2013,2013,1,enero,.0151617740907163,.0749382400331658,.076303328346423,98.40441968,99.13121698,Jalisco,2
01/02/2013,2013,2,febrero,-.0291291799444994,.0803835100440902,.0068614634139862,98.80657574999999,99.32317421,Jalisco,2
01/03/2013,2013,3,marzo,-.0643939568546325,.077827880137965,-.0134403744093438,99.11146687999999,98.41981668,Jalisco,2
01/04/2013,2013,4,abril,.0378887907282001,.0699946757543169,.0483402283361156,99.7539317,99.13972373,Jalisco,2
01/05/2013,2013,5,mayo,-.046704008801799,.0633948334101965,-.0886076954117219,100.68309732,99.43913753,Jalisco,2
01/06/2013,2013,6,junio,-.0639072703329398,.0674309896442436,-.0090158870825432,100.40969488,100.47337228,Jalisco,2
01/07/2013,2013,7,julio,.0143795791348326,.0614930916464242,.0120745274828623,100.62651199,100.18862388,Jalisco,2
01/08/2013,2013,8,agosto,-.0217828758252124,.0526421219723827,.0391594568774519,100.2673003,99.91489117,Jalisco,2
01/09/2013,2013,9,septiembre,-.0332660803006581,.0712705559045726,.0498373322033294,100.6998276,100.19668097,Jalisco,2
01/10/2013,2013,10,octubre,-.0037108910344171,.0641220390881599,.0258225802813106,100.6174778,100.75770723,Jalisco,2
01/11/2013,2013,11,noviembre,.0801155533177823,.0709156873722005,-.0090082387603695,100.40711211,101.51843188,Jalisco,2
01/12/2013,2013,12,diciembre,.1438916028567368,.0765180937074764,.0225008015215257,100.21258397,101.49722346,Jalisco,2
01/01/2014,2014,1,enero,.0369858218076512,.0188193096696757,-.0305160724280736,103.86754216,98.53556938,Jalisco,2
01/02/2014,2014,2,febrero,.0755623345953423,.0242125694863171,-.0230399764672904,104.36025957,98.7383186,Jalisco,2
01/03/2014,2014,3,marzo,.1078052258330265,.0168856689827711,-.0016481044361145,104.53120448,98.9070998,Jalisco,2
01/04/2014,2014,4,abril,.0871622700844534,.0057215887393548,-.0116215885929281,104.92212187,100.28515604,Jalisco,2
01/05/2014,2014,5,mayo,.0726526829928585,.0077997915320633,.0089779988673481,105.68210114,100.31460759,Jalisco,2
01/06/2014,2014,6,junio,.0941703542873364,-.0055601661816027,-.0063654064653552,105.37508655,100.24600511,Jalisco,2
01/07/2014,2014,7,julio,.0525381074348066,-.0062252382910472,-.0003247290636077,105.83430955,99.72844614,Jalisco,2
01/08/2014,2014,8,agosto,.0348424471606204,-.0017074854496631,-.0155252282916038,105.86192546,99.89092445999999,Jalisco,2
01/09/2014,2014,9,septiembre,.1041797542365478,-.0132357401216237,-.002077340122519,105.81469617,99.93025287,Jalisco,2
01/10/2014,2014,10,octubre,.0713227297677329,.0017729346216083,.0120099600648368,106.39317718,100.96914727,Jalisco,2
01/11/2014,2014,11,noviembre,.0421684662954766,-.0004780128756558,.0035360408349572,106.6373083,101.01572181,Jalisco,2
01/12/2014,2014,12,diciembre,.1152933767484933,-.0105006543095283,-.0030509518957132,106.50244519,101.52363534,Jalisco,2
01/01/2015,2015,1,enero,.0237754495300176,-.0102309841065986,.0454589400263008,106.67137355,100.53352858,Jalisco,2
01/02/2015,2015,2,febrero,.0210825538604795,-.0082287995402449,.0128055648370881,107.08308633,101.05027486,Jalisco,2
01/03/2015,2015,3,marzo,.0387274027093214,-.0018022026704746,.0354210026074246,107.14558291,101.05060544,Jalisco,2
01/04/2015,2015,4,abril,-.0120407904100935,.0014383398216644,.0356533962845889,108.02498263,101.11613252,Jalisco,2
01/05/2015,2015,5,mayo,.0203931243066035,.0135092568530342,.0229669653835365,108.75301637,101.16847746,Jalisco,2
01/06/2015,2015,6,junio,.0786570348949667,.0161993468723063,.0457911238435993,109.39652514,101.21132766,Jalisco,2
01/07/2015,2015,7,julio,.0738702251260772,.0208895555406863,.0327945061302871,108.21042833,101.55231377,Jalisco,2
01/08/2015,2015,8,agosto,.0938978114916639,.0307887326798268,.0131920036925151,108.16231601,100.56709559,Jalisco,2
01/09/2015,2015,9,septiembre,.0942542584951876,.0332718766602204,.0385504324916441,108.72111806,100.61570164,Jalisco,2
01/10/2015,2015,10,octubre,.0576467137379249,.027219324249415,.0365323688045366,108.76819296,101.14408345,Jalisco,2
01/11/2015,2015,11,noviembre,.0556601328557962,.0299986384602861,.0439219307581241,108.92545765,101.35250656,Jalisco,2
01/12/2015,2015,12,diciembre,.0148250994368991,.0390835599885375,.0296668909842148,108.44265173,102.06927432,Jalisco,2
01/01/2016,2016,1,enero,.0679575904864878,.03101993554128,.0129857997452897,106.13252914,108.71911003,Jalisco,2
01/02/2016,2016,2,febrero,.0938015925509124,.0316190215181383,.0397541202779094,106.26905188,109.31891087,Jalisco,2
01/03/2016,2016,3,marzo,.081343253871049,.0301579329133366,.0315068005632959,106.34931122,110.61644281,Jalisco,2
01/04/2016,2016,4,abril,.1722605295433459,.0308956622202935,.0284545611349911,107.07852891,111.04477854,Jalisco,2
01/05/2016,2016,5,mayo,.084086659713022,.0327065248382105,.0489134869221077,108.19593491,111.24040167,Jalisco,2
01/06/2016,2016,6,junio,.0539739566783323,.039015086066899,.0247446842063183,108.62204369,111.65104126,Jalisco,2
01/07/2016,2016,7,julio,.007112227159222,.0398678017687532,.0065861283095023,108.96502834,111.27155937,Jalisco,2
01/08/2016,2016,8,agosto,.0654222094354295,.0365985647581351,.0324444631060114,109.44403154,111.70913233,Jalisco,2
01/09/2016,2016,9,septiembre,.0259488192456535,.0287378938102421,.0197111020181749,109.87078854,110.86894616,Jalisco,2
01/10/2016,2016,10,octubre,.0071555634603601,.0292476003835136,-.0097405348483092,110.49622279,111.89143165,Jalisco,2
01/11/2016,2016,11,noviembre,-.0212109262956353,.0274683611389527,.0341621329896784,110.90232043,112.69885984,Jalisco,2
01/12/2016,2016,12,diciembre,.0445541769049758,.0195469187319417,.0728748087411405,110.83994307,111.93351973,Jalisco,2
01/01/2017,2017,1,enero,.0317777080368964,.0189834471898547,.0162225765555142,111.86328054,111.76753946,Jalisco,2
01/02/2017,2017,2,febrero,-.0018208700542615,.0084131042242646,.0345626931786458,111.49143326,109.75135343,Jalisco,2
01/03/2017,2017,3,marzo,.0259225149825308,.0150516709861803,.0336932071616632,111.53545476,109.63187721,Jalisco,2
01/04/2017,2017,4,abril,-.1110203728420937,.0103410118350526,.0185290094868454,112.04424018,109.64539866,Jalisco,2
01/05/2017,2017,5,mayo,.0328751261528305,-.0016625776657428,.0843150709095576,113.23080279,110.27283534,Jalisco,2
01/06/2017,2017,6,junio,-.0294736661687948,.0074175357224435,.0424824640941159,113.97277486,111.74094809,Jalisco,2
01/07/2017,2017,7,julio,-.005635850602553,.0118000957685025,.0226713353544212,113.01778051,124.94745224,Jalisco,2
01/08/2017,2017,8,agosto,.0212276204944192,.0026366994810568,.0254256349274855,113.26959579,125.25834695,Jalisco,2
01/09/2017,2017,9,septiembre,.0220072439535373,.0069445778231513,.0052138250665746,113.06479648,125.43529706,Jalisco,2
01/10/2017,2017,10,octubre,.0382341494701216,.007418774087703,.0349426508565267,113.37562476,125.38333002,Jalisco,2
01/11/2017,2017,11,noviembre,.0484893933378909,.0077977653112191,.0400818216172466,116.28255259,124.80212143,Jalisco,2
01/12/2017,2017,12,diciembre,-.0369204404835074,.0117540564541442,-.002540654167093,116.36868065,124.36929857,Jalisco,2
01/01/2018,2018,1,enero,.0426501146561179,.0111518621241203,.0125491248815302,116.68954119,123.88068553,Jalisco,2
01/02/2018,2018,2,febrero,.0144090228423392,.0207412375471611,.0029331864635482,117.50855687,123.63942379,Jalisco,2
01/03/2018,2018,3,marzo,.0083433856825771,.0107555117848726,.0093232277460005,117.22073271,124.45689922,Jalisco,2
01/04/2018,2018,4,abril,.1613543834222924,.0161360394230555,.0002913262056486,118.14996661,124.88950447,Jalisco,2
01/05/2018,2018,5,mayo,.0470642407087473,.0320351455349426,-.0079746023022613,119.02308462,127.8356783,Jalisco,2
01/06/2018,2018,6,junio,.1086552688057558,.0215802594391623,-.0165931793674765,118.64640914,128.20626049,Jalisco,2
01/07/2018,2018,7,julio,.1305306141111517,.0188955237075428,.006154828087517,119.42133256,128.63717121,Jalisco,2
01/08/2018,2018,8,agosto,.0470278859486081,.0279845159403819,.0146147053129056,119.57440166,128.69051321,Jalisco,2
01/09/2018,2018,9,septiembre,.087810847267396,.031756264366713,-.0275644823289955,118.84884798,128.52965446,Jalisco,2
01/10/2018,2018,10,octubre,.1398635169099919,.0366280684907131,-.0060395107941472,119.99691755,128.86615645,Jalisco,2
01/11/2018,2018,11,noviembre,.0895834429659806,.0353225210712103,.0216132101044315,120.04456835,128.97850345,Jalisco,2
01/12/2018,2018,12,diciembre,.0293647042011766,.0378310404705992,-.0424336227353631,119.99494662,129.21897378,Jalisco,2
01/01/2019,2019,1,enero,.0228912486632304,.0424697836189463,.0023380289539311,119.97503094,129.07045103,Jalisco,2
01/02/2019,2019,2,febrero,.0254932916038426,.0336774145375924,-.012323093252649,120.10675802,128.99248331,Jalisco,2
01/03/2019,2019,3,marzo,.0794210728302855,.0384188047618023,-.0599307113665906,120.44213439,129.54295979,Jalisco,2
01/04/2019,2019,4,abril,.0005625959434286,.0381231918363334,-.0383530309101377,120.78109518,129.45011938,Jalisco,2
01/05/2019,2019,5,mayo,.0072305992205203,.0304576417204083,-.0176871996055234,121.19696084,130.51609919,Jalisco,2
01/06/2019,2019,6,junio,-.0338831170943221,.030055056296938,-.0233209255602297,121.85483498,131.39284278,Jalisco,2
01/07/2019,2019,7,julio,-.0129963589687802,.0204929396836643,-.0290225949287305,121.78898949,131.75725251,Jalisco,2
01/08/2019,2019,8,agosto,-.030700057606901,.0182874109244635,-.0267338483221239,121.55230811,131.01550401,Jalisco,2
01/09/2019,2019,9,septiembre,-.0098252471599143,.0140500993619986,-.0052900271748725,121.09968391,130.81803524,Jalisco,2
01/10/2019,2019,10,octubre,-.0482902835800741,.0113241603044955,-.00295489458474,121.84175007,130.72279111,Jalisco,2
01/11/2019,2019,11,noviembre,-.053827506014072,.0122884970650835,-.0385640228983184,121.88257471,130.51734702,Jalisco,2
01/12/2019,2019,12,diciembre,.0168924497077988,.0035290741335977,.0090664231678421,121.50700359,130.25531572,Jalisco,2
01/01/2020,2020,1,enero,-.0239858265692702,.0077344268767129,-.0026530983147507,121.99643137,129.71813147,Jalisco,2
01/02/2020,2020,2,febrero,-.0185473879568819,.0100067839499045,-.0140903991681857,121.87760327,129.48920261,Jalisco,2
01/03/2020,2020,3,marzo,-.013129440456782,-.0031282430835167,.0222947100319615,121.69013565,129.36890427,Jalisco,2
01/04/2020,2020,4,abril,-.1918052783203033,-.0123279873996743,.0624149702582584,120.23632799,127.90082639,Jalisco,2
01/05/2020,2020,5,mayo,-.1987215642500565,-.0273628257136197,-.0699097167536416,120.67156071,126.68744669,Jalisco,2
01/06/2020,2020,6,junio,-.1025543751248333,-.0286896239293332,-.0173520064294024,120.72603881,126.08760409,Jalisco,2
01/07/2020,2020,7,julio,-.0783200554934752,-.0317767056960186,.0372064828755469,120.55310165,126.75687398,Jalisco,2
01/08/2020,2020,8,agosto,-.0833988083095521,-.031323141260577,-.0187270127993913,120.97418721,125.96738912,Jalisco,2
01/09/2020,2020,9,septiembre,-.0833559698282027,-.0307669399900703,.0243119215750069,121.17071494,125.20522786,Jalisco,2
01/10/2020,2020,10,octubre,-.0553760495129633,-.0327635966678737,.0103019829060604,121.92868983,125.25860977,Jalisco,2
01/11/2020,2020,11,noviembre,-.0213060736951176,-.0336964558657369,.0533179569560137,121.3312576,124.69434847,Jalisco,2
01/12/2020,2020,12,diciembre,.0434158975832668,-.0285532247951675,.0700380064793109,122.02697911,124.06064854,Jalisco,2
01/01/2021,2021,1,enero,.0029234890050342,-.0284465801028299,-.0095683973088726,123.84072122,122.59245175,Jalisco,2
01/02/2021,2021,2,febrero,.0613978860238455,-.0260236365525601,.0540851575281739,124.43465171,122.45039713,Jalisco,2
01/03/2021,2021,3,marzo,.0941809627683996,-.0065989055114875,.0660715548193816,126.13495394,122.72154226,Jalisco,2
01/04/2021,2021,4,abril,.3085274368262624,.0015154617430902,.0061888181292553,126.37422642,122.35470884,Jalisco,2
01/05/2021,2021,5,mayo,.2904481390491157,.0122640974188605,.0782290979532766,127.3117101,123.03993259,Jalisco,2
01/06/2021,2021,6,junio,.2451221719295401,.0172030290657877,.0952936713212631,129.40958257,122.53216369,Jalisco,2
01/07/2021,2021,7,julio,.1845355296871739,.0223947145009941,.0223346904423987,167.50429349,71.43854679,Jalisco,2
01/08/2021,2021,8,agosto,.2096552324693542,.033573857385019,.0496059046333995,186.14272992,54.89858299,Jalisco,2
01/09/2021,2021,9,septiembre,.1970113030517187,.0272650755022904,.0146434726331185,193.87825209,47.34061767,Jalisco,2
01/10/2021,2021,10,octubre,.1137950433631941,.045725687088872,-.036160521930875,196.53083925,45.7620262,Jalisco,2
01/11/2021,2021,11,noviembre,.1593811531830022,.0606500220540107,-.0402361870638646,202.21230443,42.47969344,Jalisco,2
01/12/2021,2021,12,diciembre,.055999560125477,.0528183351937565,-.062213089493033,203.15016907,40.53208275,Jalisco,2
01/01/2022,2022,1,enero,.0806866075228329,.0662640082743398,-.0130523341000248,206.00451677,37.68233299,Jalisco,2
01/02/2022,2022,2,febrero,.0591286147999836,.0739372152970855,-.0344420117681392,206.70033044,37.43957871,Jalisco,2
01/03/2022,2022,3,marzo,.083868571860665,.0902999491446635,-.059430623034394,207.82817432,37.35478395,Jalisco,2
01/04/2022,2022,4,abril,.0742117105300342,.1056543576789918,-.0639526158023417,210.03340658,36.3019994,Jalisco,2
01/05/2022,2022,5,mayo,.1196523322482875,.1020449740346581,-.0234920519221383,209.97143797,36.15143701,Jalisco,2
01/06/2022,2022,6,junio,.0675631062371446,.110315094538258,-.1042534502920251,210.86770058,36.18332904,Jalisco,2
01/07/2022,2022,7,julio,.0381257109278577,.1115606581815452,-.0825773627842044,211.32014213,36.32411296,Jalisco,2
01/08/2022,2022,8,agosto,.0721488602511215,.1028728908903097,-.0960784148398952,211.97458983,36.26249472,Jalisco,2
01/09/2022,2022,9,septiembre,.0563521425029375,.1088142875086949,-.0689376899220047,211.99906342,36.11033736,Jalisco,2
01/10/2022,2022,10,octubre,.0725567408037797,.0857196570303859,-.0356407882989712,212.69151528,35.99236247,Jalisco,2
01/11/2022,2022,11,noviembre,.0346275042909627,.0678749105155099,-.0386072942833671,214.93268086,34.42614766,Jalisco,2
01/12/2022,2022,12,diciembre,.0087745336515253,.0668490252783142,-.0200990173106075,215.28408837,34.20677401,Jalisco,2
01/01/2010,2010,1,enero,-.0538001709333961,.0163215782602321,-.0496547308738678,89.12928872000001,83.00396336999999,Variación promedio en Jalisco (últimos 12 meses),3
01/02/2010,2010,2,febrero,-.0514995550346163,.0136859226188342,-.0414950874914027,89.6111684,83.00332808,Variación promedio en Jalisco (últimos 12 meses),3
01/03/2010,2010,3,marzo,-.0526182866762163,.0115011429287922,-.0353385422161822,89.97998963000001,82.86510689000001,Variación promedio en Jalisco (últimos 12 meses),3
01/04/2010,2010,4,abril,-.0356224695613023,.0098490807621616,-.0284891293662765,90.33150111,83.25383334,Variación promedio en Jalisco (últimos 12 meses),3
01/05/2010,2010,5,mayo,-.022739161581434,.0109460265139854,-.0373796476533253,90.82555575000001,83.38832721999999,Variación promedio en Jalisco (últimos 12 meses),3
01/06/2010,2010,6,junio,-.0136390275640335,.0128990423453775,-.0239548903725701,91.10742389000001,84.79671131000001,Variación promedio en Jalisco (últimos 12 meses),3
01/07/2010,2010,7,julio,-.0003281781834243,.0146385203267412,-.0159955868614206,91.52308497,84.69117407,Variación promedio en Jalisco (últimos 12 meses),3
01/08/2010,2010,8,agosto,.0127689044812454,.017782617863427,-.0008271212254971,91.11252128,85.37859969,Variación promedio en Jalisco (últimos 12 meses),3
01/09/2010,2010,9,septiembre,.0258713733879001,.0209141304841122,.0116737563165778,91.35726905,85.33264876,Variación promedio en Jalisco (últimos 12 meses),3
01/10/2010,2010,10,octubre,.0359171240156856,.0244272297069999,.0190386670734213,91.77393623,85.07626701,Variación promedio en Jalisco (últimos 12 meses),3
01/11/2010,2010,11,noviembre,.0474224116065684,.0278002317935123,.0305473656978424,92.05146141,85.23370428,Variación promedio en Jalisco (últimos 12 meses),3
01/12/2010,2010,12,diciembre,.0581522074341637,.0307932961596722,.0197962603065838,92.50733405,85.79079991,Variación promedio en Jalisco (últimos 12 meses),3
01/01/2011,2011,1,enero,.0605929980275072,.0328647458468308,.0192553201534368,92.27304101,85.78956012,Variación promedio en Jalisco (últimos 12 meses),3
01/02/2011,2011,2,febrero,.0657259969039255,.0349976918223339,.0212582532020377,92.25014892,87.09560714,Variación promedio en Jalisco (últimos 12 meses),3
01/03/2011,2011,3,marzo,.0670696836663886,.0379976270746547,.0183577351329578,92.58041083000001,86.96423647,Variación promedio en Jalisco (últimos 12 meses),3
01/04/2011,2011,4,abril,.0582122262840387,.0408931888260285,.0171987401906094,93.11345892,87.58326264,Variación promedio en Jalisco (últimos 12 meses),3
01/05/2011,2011,5,mayo,.0549665151907519,.0412218009670427,.0263128414814405,92.63760868999999,90.2629029,Variación promedio en Jalisco (últimos 12 meses),3
01/06/2011,2011,6,junio,.0502527613874841,.0412243961217606,.0301574034902262,93.22985322,92.16660455,Variación promedio en Jalisco (últimos 12 meses),3
01/07/2011,2011,7,julio,.0420980590981808,.0409525512672811,.0305887385305867,93.14317985,92.09952181,Variación promedio en Jalisco (últimos 12 meses),3
01/08/2011,2011,8,agosto,.042126641934708,.0415754945202004,.0255881344232064,93.70013233,92.4865739,Variación promedio en Jalisco (últimos 12 meses),3
01/09/2011,2011,9,septiembre,.0423883035434796,.0421103773033512,.0240112891058143,94.4904365,92.99236685,Variación promedio en Jalisco (últimos 12 meses),3
01/10/2011,2011,10,octubre,.0432759081742796,.0419950697903318,.0295916386275854,94.61650473,96.3106604,Variación promedio en Jalisco (últimos 12 meses),3
01/11/2011,2011,11,noviembre,.0428720196897969,.0418665616568251,.0322555060880479,94.61755170000001,96.55101264,Variación promedio en Jalisco (últimos 12 meses),3
01/12/2011,2011,12,diciembre,.0400498240897323,.0422943522824397,.0297880064739296,94.63415390999999,97.03700358,Variación promedio en Jalisco (últimos 12 meses),3
01/01/2012,2012,1,enero,.0460851977100368,.0439404052876732,.0351416514082068,94.31230062,96.65749484,Variación promedio en Jalisco (últimos 12 meses),3
01/02/2012,2012,2,febrero,.0502671485331676,.0446902570487142,.0414945757381039,94.76016015,96.70172087,Variación promedio en Jalisco (últimos 12 meses),3
01/03/2012,2012,3,marzo,.0491278265966353,.0427274166864027,.0524433711701941,94.89624059000001,96.62834512000001,Variación promedio en Jalisco (últimos 12 meses),3
01/04/2012,2012,4,abril,.0549847669058111,.042084894138239,.057465640287003,95.15639158,96.50326566,Variación promedio en Jalisco (últimos 12 meses),3
01/05/2012,2012,5,mayo,.0600044926285304,.0433532317997641,.0426026725219796,95.52809159,98.20409474,Variación promedio en Jalisco (últimos 12 meses),3
01/06/2012,2012,6,junio,.0684618790140922,.04390435658147,.0355842387071408,96.11382371000001,97.94170258,Variación promedio en Jalisco (últimos 12 meses),3
01/07/2012,2012,7,julio,.0816425263525316,.0450172725548548,.0316589824005684,95.80425787999999,98.68277112,Variación promedio en Jalisco (últimos 12 meses),3
01/08/2012,2012,8,agosto,.0793171300299349,.042849262455849,.0336271128216176,95.87241112,98.39839127,Variación promedio en Jalisco (últimos 12 meses),3
01/09/2012,2012,9,septiembre,.0736279511750159,.0411624947703873,.0311297004050866,95.72136408999999,98.32752203,Variación promedio en Jalisco (últimos 12 meses),3
01/10/2012,2012,10,octubre,.0729813324489384,.0400990034358982,.0260540190218922,95.22186415,99.17665397,Variación promedio en Jalisco (últimos 12 meses),3
01/11/2012,2012,11,noviembre,.0673345388784673,.038300734306372,.0230772907703767,95.27856738,99.81305976,Variación promedio en Jalisco (últimos 12 meses),3
01/12/2012,2012,12,diciembre,.0566363278432931,.0365584166608486,.0259974373097113,95.43743892000001,99.40385415,Variación promedio en Jalisco (últimos 12 meses),3
01/01/2013,2013,1,enero,.048830850973258,.0381691256550884,.0289938014406157,98.40441968,99.13121698,Variación promedio en Jalisco (últimos 12 meses),3
01/02/2013,2013,2,febrero,.0378792111159653,.0411686571159203,.022696105927641,98.80657574999999,99.32317421,Variación promedio en Jalisco (últimos 12 meses),3
01/03/2013,2013,3,marzo,.029381467986411,.0453640287020646,.0134761405351664,99.11146687999999,98.41981668,Variación promedio en Jalisco (últimos 12 meses),3
01/04/2013,2013,4,abril,.0287677746752078,.0476137406101404,.0135288029512075,99.7539317,99.13972373,Variación promedio en Jalisco (últimos 12 meses),3
01/05/2013,2013,5,mayo,.0170978178796427,.0488363472228005,.0098840715254558,100.68309732,99.43913753,Variación promedio en Jalisco (últimos 12 meses),3
01/06/2013,2013,6,junio,.003420169818159,.0509446454823252,.0085725752218172,100.40969488,100.47337228,Variación promedio en Jalisco (últimos 12 meses),3
01/07/2013,2013,7,julio,-.0051071757375211,.0523765616811706,.0100333672545163,100.62651199,100.18862388,Variación promedio en Jalisco (últimos 12 meses),3
01/08/2013,2013,8,agosto,-.0114979139527687,.0546570605338686,.0105573694402623,100.2673003,99.91489117,Variación promedio en Jalisco (últimos 12 meses),3
01/09/2013,2013,9,septiembre,-.0153696896812231,.0582549098825694,.0148034910443234,100.6998276,100.19668097,Variación promedio en Jalisco (últimos 12 meses),3
01/10/2013,2013,10,octubre,-.0201684064668467,.06115429755943,.0164212184671614,100.6174778,100.75770723,Variación promedio en Jalisco (últimos 12 meses),3
01/11/2013,2013,11,noviembre,-.0150222566237915,.0651389561421494,.0137622440035904,100.40711211,101.51843188,Variación promedio en Jalisco (últimos 12 meses),3
01/12/2013,2013,12,diciembre,.0023785864195092,.0692443098929329,.0134022935665855,100.21258397,101.49722346,Variación promedio en Jalisco (últimos 12 meses),3
01/01/2014,2014,1,enero,.0041972570625871,.064567732362642,.0045006768353775,103.86754216,98.53556938,Variación promedio en Jalisco (últimos 12 meses),3
01/02/2014,2014,2,febrero,.0129215499409072,.0598868206494943,.0020088901786044,104.36025957,98.7383186,Variación promedio en Jalisco (últimos 12 meses),3
01/03/2014,2014,3,marzo,.0272714818315455,.0548083030532281,.0029915793430402,104.53120448,98.9070998,Variación promedio en Jalisco (últimos 12 meses),3
01/04/2014,2014,4,abril,.0313776051112332,.0494522124686479,-.0020052387343801,104.92212187,100.28515604,Variación promedio en Jalisco (últimos 12 meses),3
01/05/2014,2014,5,mayo,.0413239960941214,.0448192923121368,.0061269024555424,105.68210114,100.31460759,Variación promedio en Jalisco (últimos 12 meses),3
01/06/2014,2014,6,junio,.0544971314791444,.0387366959933163,.0063477758403081,105.37508655,100.24600511,Variación promedio en Jalisco (últimos 12 meses),3
01/07/2014,2014,7,julio,.0576770088374755,.0330935018318604,.0053145044614356,105.83430955,99.72844614,Variación promedio en Jalisco (últimos 12 meses),3
01/08/2014,2014,8,agosto,.0623957857529616,.0285643678800232,.0007574473640142,105.86192546,99.89092445999999,Variación promedio en Jalisco (últimos 12 meses),3
01/09/2014,2014,9,septiembre,.0738496052977288,.0215221765445068,-.0035687753298065,105.81469617,99.93025287,Variación promedio en Jalisco (últimos 12 meses),3
01/10/2014,2014,10,octubre,.0801024070312413,.0163264178389609,-.0047198270145126,106.39317718,100.96914727,Variación promedio en Jalisco (últimos 12 meses),3
01/11/2014,2014,11,noviembre,.0769401497793824,.0103769428183062,-.0036744703815687,106.6373083,101.01572181,Variación promedio en Jalisco (últimos 12 meses),3
01/12/2014,2014,12,diciembre,.0745569642703622,.0031253804835558,-.0058037831663386,106.50244519,101.52363534,Variación promedio en Jalisco (últimos 12 meses),3
01/01/2015,2015,1,enero,.0734560999138927,.0007045226688663,.0005274678715259,106.67137355,100.53352858,Variación promedio en Jalisco (últimos 12 meses),3
01/02/2015,2015,2,febrero,.0689161181859875,-.0019989247500139,.0035145963135574,107.08308633,101.05027486,Variación promedio en Jalisco (últimos 12 meses),3
01/03/2015,2015,3,marzo,.0631596329256787,-.0035562473877844,.0066036885671857,107.14558291,101.05060544,Variación promedio en Jalisco (últimos 12 meses),3
01/04/2015,2015,4,abril,.0548927112177998,-.0039131847975919,.0105432706403121,108.02498263,101.11613252,Variación promedio en Jalisco (últimos 12 meses),3
01/05/2015,2015,5,mayo,.0505377479939452,-.0034373960208443,.0117090178499945,108.75301637,101.16847746,Variación promedio en Jalisco (últimos 12 meses),3
01/06/2015,2015,6,junio,.0492449713779144,-.0016241032663519,.0160553953757407,109.39652514,101.21132766,Variación promedio en Jalisco (últimos 12 meses),3
01/07/2015,2015,7,julio,.051022647852187,.0006354628862925,.0188153316418986,108.21042833,101.55231377,Variación promedio en Jalisco (últimos 12 meses),3
01/08/2015,2015,8,agosto,.0559439282131073,.00334348106375,.0212084343072418,108.16231601,100.56709559,Variación promedio en Jalisco (últimos 12 meses),3
01/09/2015,2015,9,septiembre,.0551168035679939,.0072191157955704,.0245940820250888,108.72111806,100.61570164,Variación promedio en Jalisco (últimos 12 meses),3
01/10/2015,2015,10,octubre,.0539771355655099,.0093396482645543,.0266376160867304,108.76819296,101.14408345,Variación promedio en Jalisco (últimos 12 meses),3
01/11/2015,2015,11,noviembre,.0551014411122032,.0118793692092161,.030003106913661,108.92545765,101.35250656,Variación promedio en Jalisco (últimos 12 meses),3
01/12/2015,2015,12,diciembre,.0467290846695703,.0160113870673882,.0327295938203217,108.44265173,102.06927432,Variación promedio en Jalisco (últimos 12 meses),3
01/01/2016,2016,1,enero,.0504109297492762,.0194489637047115,.0300234987969041,106.13252914,108.71911003,Variación promedio en Jalisco (últimos 12 meses),3
01/02/2016,2016,2,febrero,.0564708496401456,.0227696154595767,.0322692117503059,106.26905188,109.31891087,Variación promedio en Jalisco (últimos 12 meses),3
01/03/2016,2016,3,marzo,.0600221705702896,.025432960091561,.0319430282466285,106.34931122,110.61644281,Variación promedio en Jalisco (últimos 12 meses),3
01/04/2016,2016,4,abril,.0753806138997429,.0278877369581134,.0313431253174953,107.07852891,111.04477854,Variación promedio en Jalisco (últimos 12 meses),3
01/05/2016,2016,5,mayo,.0806884085169444,.0294875092902114,.0335053354457096,108.19593491,111.24040167,Variación promedio en Jalisco (últimos 12 meses),3
01/06/2016,2016,6,junio,.0786314853322249,.0313888208897608,.0317514654759362,108.62204369,111.65104126,Variación promedio en Jalisco (últimos 12 meses),3
01/07/2016,2016,7,julio,.0730683188349869,.0329703414087664,.0295674339908708,108.96502834,111.27155937,Variación promedio en Jalisco (últimos 12 meses),3
01/08/2016,2016,8,agosto,.0706953519969674,.0334544940819588,.0311718056086621,109.44403154,111.70913233,Variación promedio en Jalisco (últimos 12 meses),3
01/09/2016,2016,9,septiembre,.0650032320595062,.0330766621777939,.0296018614025397,109.87078854,110.86894616,Variación promedio en Jalisco (últimos 12 meses),3
01/10/2016,2016,10,octubre,.0607956362030425,.0332456851889688,.0257457860981359,110.49622279,111.89143165,Variación promedio en Jalisco (últimos 12 meses),3
01/11/2016,2016,11,noviembre,.0543897146070898,.0330348287455244,.024932469617432,110.90232043,112.69885984,Variación promedio en Jalisco (últimos 12 meses),3
01/12/2016,2016,12,diciembre,.0568671377294296,.0314067753074747,.0285331294305092,110.83994307,111.93351973,Variación promedio en Jalisco (últimos 12 meses),3
01/01/2017,2017,1,enero,.053852147525297,.0304037346115226,.0288028608313612,111.86328054,111.76753946,Variación promedio en Jalisco (últimos 12 meses),3
01/02/2017,2017,2,febrero,.0458836089748658,.0284699081703664,.0283702419064226,111.49143326,109.75135343,Variación promedio en Jalisco (últimos 12 meses),3
01/03/2017,2017,3,marzo,.0412652140674893,.0272110530097701,.0285524424562865,111.53545476,109.63187721,Variación promedio en Jalisco (últimos 12 meses),3
01/04/2017,2017,4,abril,.017658472202036,.0254981654776667,.0277253131522744,112.04424018,109.64539866,Variación promedio en Jalisco (últimos 12 meses),3
01/05/2017,2017,5,mayo,.0133908444053534,.0226340736023372,.0306754451512285,113.23080279,110.27283534,Variación promedio en Jalisco (últimos 12 meses),3
01/06/2017,2017,6,junio,.0064368758347594,.020000944406966,.0321535934752117,113.97277486,111.74094809,Variación promedio en Jalisco (últimos 12 meses),3
01/07/2017,2017,7,julio,.0053745360212782,.0176619689069451,.0334940273956216,113.01778051,124.94745224,Variación promedio en Jalisco (últimos 12 meses),3
01/08/2017,2017,8,agosto,.0016916536095273,.0148318134671885,.0329091250474111,113.26959579,125.25834695,Variación promedio en Jalisco (últimos 12 meses),3
01/09/2017,2017,9,septiembre,.001363189001851,.0130157038015976,.0317010186347777,113.06479648,125.43529706,Variación promedio en Jalisco (últimos 12 meses),3
01/10/2017,2017,10,octubre,.0039530711693311,.0111966349436134,.0354246174435141,113.37562476,125.38333002,Variación promedio en Jalisco (últimos 12 meses),3
01/11/2017,2017,11,noviembre,.0097614311387916,.0095574186246356,.0359179248291447,116.28255259,124.80212143,Variación promedio en Jalisco (últimos 12 meses),3
01/12/2017,2017,12,diciembre,.0029718796897514,.0089080134348192,.0296333029201253,116.36868065,124.36929857,Variación promedio en Jalisco (últimos 12 meses),3
01/01/2018,2018,1,enero,.0038779135746865,.008255381346008,.0293271819472933,116.68954119,123.88068553,Variación promedio en Jalisco (últimos 12 meses),3
01/02/2018,2018,2,febrero,.0052304046494032,.0092827257895827,.0266913897210352,117.50855687,123.63942379,Variación promedio en Jalisco (últimos 12 meses),3
01/03/2018,2018,3,marzo,.0037654772077404,.008924712522807,.0246605581030633,117.22073271,124.45689922,Variación promedio en Jalisco (últimos 12 meses),3
01/04/2018,2018,4,abril,.0264633735631059,.0094076314884739,.0231407511629635,118.14996661,124.88950447,Variación promedio en Jalisco (últimos 12 meses),3
01/05/2018,2018,5,mayo,.027645799776099,.012215775088531,.0154499450619786,119.02308462,127.8356783,Variación promedio en Jalisco (últimos 12 meses),3
01/06/2018,2018,6,junio,.0391565443573115,.0133960020649243,.0105269747735126,118.64640914,128.20626049,Variación promedio en Jalisco (últimos 12 meses),3
01/07/2018,2018,7,julio,.0505037497501203,.013987287726511,.0091505991679373,119.42133256,128.63717121,Variación promedio en Jalisco (últimos 12 meses),3
01/08/2018,2018,8,agosto,.0526537718713027,.0160996057647881,.0082496883667223,119.57440166,128.69051321,Variación promedio en Jalisco (últimos 12 meses),3
01/09/2018,2018,9,septiembre,.0581374054807909,.0181672463100849,.0055181627504248,118.84884798,128.52965446,Variación promedio en Jalisco (últimos 12 meses),3
01/10/2018,2018,10,octubre,.0666065194341134,.0206013541770024,.0021029826128686,119.99691755,128.86615645,Variación promedio en Jalisco (últimos 12 meses),3
01/11/2018,2018,11,noviembre,.0700310235697875,.0228950838236683,.0005639316534674,120.04456835,128.97850345,Variación promedio en Jalisco (últimos 12 meses),3
01/12/2018,2018,12,diciembre,.0755547856268445,.0250681658250396,-.0027604823938885,119.99494662,129.21897378,Variación promedio en Jalisco (últimos 12 meses),3
01/01/2019,2019,1,enero,.0739082134607706,.027677992616275,-.0036114070545218,119.97503094,129.07045103,Variación promedio en Jalisco (últimos 12 meses),3
01/02/2019,2019,2,febrero,.0748319025242292,.0287560073654777,-.0048827636975382,120.10675802,128.99248331,Variación promedio en Jalisco (últimos 12 meses),3
01/03/2019,2019,3,marzo,.0807550431198716,.0310612817802218,-.0106539252902541,120.44213439,129.54295979,Variación promedio en Jalisco (últimos 12 meses),3
01/04/2019,2019,4,abril,.0673557274966329,.0328935444813283,-.0138742883832363,120.78109518,129.45011938,Variación promedio en Jalisco (últimos 12 meses),3
01/05/2019,2019,5,mayo,.064036257372614,.0327620858301171,-.0146836714918415,121.19696084,130.51609919,Variación promedio en Jalisco (últimos 12 meses),3
01/06/2019,2019,6,junio,.0521580585476075,.0334683189015984,-.0152443170079042,121.85483498,131.39284278,Variación promedio en Jalisco (últimos 12 meses),3
01/07/2019,2019,7,julio,.0401974774576132,.0336014368996085,-.0181757689259249,121.78898949,131.75725251,Variación promedio en Jalisco (últimos 12 meses),3
01/08/2019,2019,8,agosto,.0337201488279874,.0327933448149487,-.021621481728844,121.55230811,131.01550401,Variación promedio en Jalisco (últimos 12 meses),3
01/09/2019,2019,9,septiembre,.0255838076257116,.0313178310645558,-.0197652771326671,121.09968391,130.81803524,Variación promedio en Jalisco (últimos 12 meses),3
01/10/2019,2019,10,octubre,.0099043242515394,.0292091720490377,-.0195082257818831,121.84175007,130.72279111,Variación promedio en Jalisco (últimos 12 meses),3
01/11/2019,2019,11,noviembre,-.002046588163465,.0272896700485271,-.024522995198779,121.88257471,130.51734702,Variación promedio en Jalisco (últimos 12 meses),3
01/12/2019,2019,12,diciembre,-.0030859427045798,.024431172853777,-.0202313247068452,121.50700359,130.25531572,Variación promedio en Jalisco (últimos 12 meses),3
01/01/2020,2020,1,enero,-.0069923656406215,.0215365597919242,-.0206472519792354,121.99643137,129.71813147,Variación promedio en Jalisco (últimos 12 meses),3
01/02/2020,2020,2,febrero,-.0106624222706819,.0195640072429502,-.0207945274721967,121.87760327,129.48920261,Variación promedio en Jalisco (últimos 12 meses),3
01/03/2020,2020,3,marzo,-.0183749650446042,.0161017532558403,-.0139424090223174,121.69013565,129.36890427,Variación promedio en Jalisco (últimos 12 meses),3
01/04/2020,2020,4,abril,-.0344056212332485,.0118974883195063,-.0055450755916177,120.23632799,127.90082639,Variación promedio en Jalisco (últimos 12 meses),3
01/05/2020,2020,5,mayo,-.0515683015224632,.0070791160333373,-.0098969520206276,120.67156071,126.68744669,Variación promedio en Jalisco (últimos 12 meses),3
01/06/2020,2020,6,junio,-.0572909063583392,.0021837260144814,-.0093995420930586,120.72603881,126.08760409,Variación promedio en Jalisco (últimos 12 meses),3
01/07/2020,2020,7,julio,-.0627345477353971,-.0021720777671589,-.0038804522760355,120.55310165,126.75687398,Variación promedio en Jalisco (últimos 12 meses),3
01/08/2020,2020,8,agosto,-.0671261102939514,-.0063062904492456,-.0032132159824745,120.97418721,125.96738912,Variación promedio en Jalisco (últimos 12 meses),3
01/09/2020,2020,9,septiembre,-.0732536705163087,-.0100410437285846,-.0007463869199845,121.17071494,125.20522786,Variación promedio en Jalisco (últimos 12 meses),3
01/10/2020,2020,10,octubre,-.0738441510107161,-.0137150234762821,.0003583528709155,121.92868983,125.25860977,Variación promedio en Jalisco (últimos 12 meses),3
01/11/2020,2020,11,noviembre,-.0711340316508033,-.0175471028871838,.0080151845254432,121.3312576,124.69434847,Variación promedio en Jalisco (últimos 12 meses),3
01/12/2020,2020,12,diciembre,-.0689237443278476,-.0202206277979142,.0130961498013989,122.02697911,124.06064854,Variación promedio en Jalisco (últimos 12 meses),3
01/01/2021,2021,1,enero,-.0666813013633222,-.0232357117128761,.0125198748852221,123.84072122,122.59245175,Variación promedio en Jalisco (últimos 12 meses),3
01/02/2021,2021,2,febrero,-.0600191951982616,-.0262382467547482,.0182011712765854,124.43465171,122.45039713,Variación promedio en Jalisco (últimos 12 meses),3
01/03/2021,2021,3,marzo,-.0510766615961631,-.0265274686237457,.0218492416755371,126.13495394,122.72154226,Variación promedio en Jalisco (últimos 12 meses),3
01/04/2021,2021,4,abril,-.0093822686672827,-.0253738478618487,.0171637289981201,126.37422642,122.35470884,Variación promedio en Jalisco (últimos 12 meses),3
01/05/2021,2021,5,mayo,.031381873274315,-.0220716042674753,.0295086302236967,127.3117101,123.03993259,Variación promedio en Jalisco (últimos 12 meses),3
01/06/2021,2021,6,junio,.0603549188621794,-.0182472165178819,.0388957700362521,129.40958257,122.53216369,Variación promedio en Jalisco (últimos 12 meses),3
01/07/2021,2021,7,julio,.0822595509605669,-.0137329315014642,.0376564540001564,167.50429349,71.43854679,Variación promedio en Jalisco (últimos 12 meses),3
01/08/2021,2021,8,agosto,.1066807210254757,-.0083248482809979,.0433508637862223,186.14272992,54.89858299,Variación promedio en Jalisco (últimos 12 meses),3
01/09/2021,2021,9,septiembre,.1300446604321358,-.0034888469899678,.0425451597077316,193.87825209,47.34061767,Variación promedio en Jalisco (últimos 12 meses),3
01/10/2021,2021,10,octubre,.144142251505149,.0030519266564277,.0386732843046537,196.53083925,45.7620262,Variación promedio en Jalisco (últimos 12 meses),3
01/11/2021,2021,11,noviembre,.1591995204116589,.01091413314974,.0308771056363305,202.21230443,42.47969344,Variación promedio en Jalisco (últimos 12 meses),3
01/12/2021,2021,12,diciembre,.1602481589568431,.0176950964821503,.0198561809719685,203.15016907,40.53208275,Variación promedio en Jalisco (últimos 12 meses),3
01/01/2022,2022,1,enero,.1667284188333263,.0255876455135811,.0195658529060392,206.00451677,37.68233299,Variación promedio en Jalisco (últimos 12 meses),3
01/02/2022,2022,2,febrero,.1665393128980045,.0339177165010516,.0121885887980131,206.70033044,37.43957871,Variación promedio en Jalisco (últimos 12 meses),3
01/03/2022,2022,3,marzo,.1656799469890266,.0419926210557308,.0017300739768651,207.82817432,37.35478395,Variación promedio en Jalisco (últimos 12 meses),3
01/04/2022,2022,4,abril,.146153636464341,.0506708623837226,-.0041150455174347,210.03340658,36.3019994,Variación promedio en Jalisco (últimos 12 meses),3
01/05/2022,2022,5,mayo,.131920652564272,.0581526021017058,-.0125918080070526,209.97143797,36.15143701,Variación promedio en Jalisco (últimos 12 meses),3
01/06/2022,2022,6,junio,.1171240637565723,.0659119408910783,-.0292207348081599,210.86770058,36.18332904,Variación promedio en Jalisco (últimos 12 meses),3
01/07/2022,2022,7,julio,.1049232455266293,.0733424361977909,-.0379634059103768,211.32014213,36.32411296,Variación promedio en Jalisco (últimos 12 meses),3
01/08/2022,2022,8,agosto,.0934643811751099,.0791173556565651,-.0501037658664847,211.97458983,36.26249472,Variación promedio en Jalisco (últimos 12 meses),3
01/09/2022,2022,9,septiembre,.0817427844627115,.0859131233237655,-.0570688627460783,211.99906342,36.11033736,Variación promedio en Jalisco (últimos 12 meses),3
01/10/2022,2022,10,octubre,.078306259249427,.089245954152225,-.0570255516100863,212.69151528,35.99236247,Variación promedio en Jalisco (últimos 12 meses),3
01/11/2022,2022,11,noviembre,.067910121841757,.0898480281906832,-.0568898105450449,214.93268086,34.42614766,Variación promedio en Jalisco (últimos 12 meses),3
01/12/2022,2022,12,diciembre,.0639747029689277,.0910172523643964,-.0533803045298428,215.28408837,34.20677401,Variación promedio en Jalisco (últimos 12 meses),3
